temperature_c,pressure_hpa,humidity_percent,light_lux,distance_cm,object_detected,label
25.227034690502496,1016.3106533726052,57.68813452916282,351.4621401407781,100.0,0,normal
25.915032980253496,1017.301314857006,37.6571805448325,422.5385688692725,11.630213424920727,1,critical
27.390093257849685,1005.3840654760811,40.52862522182729,545.2654250077425,100.0,0,normal
23.38512919706077,1012.2549740031807,78.24372224778084,531.352002095828,100.0,0,warning
28.731549022289514,1015.3691646045589,35.46957202237881,578.7864330360595,100.0,0,normal
25.61224140202392,1016.921498848613,89.27915433640908,445.7637212462613,100.0,0,critical
24.96072440214664,1015.7624497720857,46.79131307251729,663.6968515968613,100.0,0,normal
25.768130897878613,1012.8365262595295,28.460463199680987,489.3055952584654,100.0,0,normal
25.561983735470065,1009.886502400897,43.3350219971418,440.83988784094004,100.0,0,normal
24.057923388763353,1014.1602496867882,33.415325268021405,331.1043470748134,100.0,0,normal
24.024787551855013,1010.8372090609018,48.155617139026376,449.4818623015684,100.0,0,normal
24.458758840944128,996.8015425503569,30.38020516757608,493.4229638099026,100.0,0,warning
25.85868164560347,1014.8981982419298,40.55105002591375,484.3927647735656,15.046906780918489,1,critical
24.744164817038467,1008.2222977969979,32.14842943793942,524.4156363040668,100.0,0,normal
25.797390367244475,1010.5538038350045,93.10812433281528,638.3533462187437,100.0,0,critical
36.93171551399961,1017.1017200630623,44.7310994823703,554.5689094569361,100.0,0,warning
24.314624811839302,1011.1427956700211,33.73990644225743,406.661997489095,100.0,0,normal
23.112298589152566,1007.5270673022353,76.97570510777528,672.0106903790202,100.0,0,warning
25.933450935184208,1015.4298114146363,66.56606194622123,580.5244415215767,100.0,0,warning
24.119911026606033,1013.6537028864304,56.530186312528926,327.6965418584673,100.0,0,normal
25.33290441642611,1015.4622563200408,47.31334915126254,794.6360167893073,100.0,0,normal
25.448679313556166,967.4929965644135,42.620142393009196,657.4380486288736,100.0,0,critical
21.87701355511628,945.7459222294448,42.359039248268395,474.5999621682588,100.0,0,critical
31.932015029246678,1014.6052616666608,48.95676598656879,486.0011348201275,100.0,0,warning
28.739230661009035,1003.0716892180034,66.14953709712873,396.00564696030415,100.0,0,warning
26.158885145734523,987.9620573478991,41.12951094767123,460.22524427304336,100.0,0,warning
26.582063894086094,1008.4530627260264,56.22235448748879,331.7778724649263,100.0,0,normal
27.279111072050938,1011.0631901772359,36.2110365985775,670.4605144725276,28.454529313118062,1,critical
25.37360878495531,1007.7245474583756,56.12418057280847,467.5787935107231,23.10581369029873,1,critical
34.38127788291223,1004.6937841864678,38.3718765109,420.46586254467604,100.0,0,warning
28.36785538291574,1010.7055786856553,53.62944666745037,495.37898365991515,100.0,0,normal
22.907290253259248,1013.1455135416251,52.91888112468799,86.14180460955174,100.0,0,critical
23.797264712097572,1014.5989096707127,32.25605013174665,552.8569685552479,100.0,0,normal
28.1364795178393,1019.4518406109734,51.46024799855048,383.21092239529594,31.827829726635528,1,warning
23.698334548740075,1013.009229776155,45.450690294496965,438.542512118224,15.954465331208613,1,critical
24.723896300055245,1011.5718021625071,50.469379371335336,493.3463165463449,13.095489372560785,1,critical
23.595893812245293,1011.3616892670111,41.863134774942736,324.37820622414574,100.0,0,normal
25.857581279877447,1011.2944604872564,43.66824697411817,215.86539115018803,100.0,0,warning
26.39390880902147,1011.33090255122,54.38499710069313,544.3570630637713,49.68026326420929,1,warning
28.101000985628154,1008.0082297963061,52.87457918781267,474.3213386929389,100.0,0,normal
29.244312394025265,1018.1623263027558,32.845040272367896,441.89191125604987,100.0,0,normal
25.68545069275541,1015.2837660957689,49.558138241857634,553.7250272020779,100.0,0,normal
25.133981434449744,1015.5796960885204,32.49963314490766,215.0067254474949,100.0,0,warning
22.021707164201743,1013.4706213389463,39.24794665854877,81.18661240103798,100.0,0,critical
24.206510042011253,1011.6711215177286,86.50655849027027,689.4540291934702,100.0,0,critical
25.03830983011572,938.2442388282569,33.89287887382645,473.9259563675812,100.0,0,critical
25.4058460417026,1005.4212794250138,57.38004161064049,715.5053207714626,100.0,0,normal
23.882010544236003,1014.700296834304,50.37184480805534,579.3707340900016,42.02205391248657,1,warning
22.829087846207567,993.4498696304958,58.4683719902276,436.745433750186,100.0,0,warning
25.500590620366086,1017.0455803412096,41.83083128050143,20.17949482524569,100.0,0,critical
27.7213171916773,1006.4558980044044,20.843902753433397,196.16242249895748,100.0,0,warning
25.521325666300815,987.8203710192313,50.75869832697112,673.5804723135893,100.0,0,warning
22.164752131630458,988.513050563895,43.831305427746564,428.84881603423736,100.0,0,warning
27.21105186591597,1018.9351515278018,50.10984177623348,362.83941047234197,100.0,0,normal
24.558071652340672,1013.1344291949727,46.66706246358042,254.99181578908514,100.0,0,normal
23.725225745386965,1018.9450826555377,56.36403398391884,431.51044475006285,100.0,0,normal
25.742291746742616,1009.9800740664209,45.6927182997832,481.31873175295044,100.0,0,normal
22.575820216123468,1017.1711633287008,47.18158234823948,578.0458146465522,41.2088126196088,1,warning
33.96616777554134,1009.4958416056696,51.42321294516549,432.7462218212571,100.0,0,warning
35.42551618427764,1015.8470713345051,49.491216398781944,572.7713616428085,100.0,0,warning
25.026003783755815,1020.2676703857866,42.88274533409635,826.4202999907543,100.0,0,normal
23.00139553541018,1010.4761253938589,51.72496021203642,565.6080281841655,32.01274957047067,1,warning
23.217562999786498,950.3682762106416,51.82076642636082,754.4681744516602,100.0,0,critical
35.424628806543694,1017.8752554765174,48.76257848422632,277.29946748596115,100.0,0,warning
22.991718466495865,1009.1610121744793,44.72252090090575,528.1057679043824,100.0,0,normal
25.54315767439075,1006.6162571208985,36.3515476767339,626.3783423999485,100.0,0,normal
21.447995322122928,1017.6370374589441,40.01228527715178,589.3878139272431,29.400817465005094,1,critical
22.309030327495556,1016.410297542884,41.861481850128776,122.57343558514307,100.0,0,warning
24.74298503828839,1017.9468471914107,71.2119462879339,359.4749774988975,100.0,0,warning
25.060381574420312,1016.0430372117837,72.50936402105627,473.6667426026164,100.0,0,warning
23.239559618355347,1006.698428543282,51.79208730621242,487.3715638302479,9.734835447121153,1,critical
27.022926070816712,1019.7073795776544,39.060126139692926,202.67224248747243,100.0,0,warning
25.434833151373425,1011.3668825545722,90.51298545865819,621.9312225976361,100.0,0,critical
26.73063380404076,1016.8204803924814,66.39393716569084,361.3784298631482,100.0,0,warning
20.05671099974542,1009.0155237226476,49.61657701744432,475.6345536748409,100.0,0,normal
22.457158445749727,932.8695921844137,35.73371202907197,298.21074802790713,100.0,0,critical
25.722289540693737,1010.1045984576028,39.893249118855984,342.6352729894817,31.25084453794737,1,warning
21.319341927531656,999.3448014008129,38.56822080954418,589.5305743447622,100.0,0,warning
23.414958523134597,1012.4263177926655,49.03989823184366,603.8906233004145,100.0,0,normal
22.116311148000577,1017.2866538278031,89.94194411314582,353.3574954115815,100.0,0,critical
26.622793108983185,1007.2586835562369,69.69361091320472,684.5518302095063,100.0,0,warning
25.652266044484236,1006.7444321180735,52.392216153655205,477.8117436268413,100.0,0,normal
35.411730536193105,1016.6078125256307,43.15306900924185,674.3912795985241,100.0,0,warning
24.49486369721368,1006.7610840901757,58.05929043145308,328.3830346447241,100.0,0,normal
25.27659623359982,1010.4788951803893,43.53738151517365,445.34987704261573,21.8188996561731,1,critical
22.321676528927036,1013.7987168352537,39.57986342492962,486.6815633873918,10.598114694914738,1,critical
21.338463103210266,1014.0032590197784,47.90056652021188,664.210634536721,42.69164835100607,1,warning
23.988687280125117,1010.1370666807684,49.28113148364257,166.15533733875458,100.0,0,warning
22.241361543970946,1009.3453498002904,44.734984217009625,715.3469436221345,100.0,0,normal
35.03691679200429,1011.5387011904911,41.24680775979352,577.3553895581236,100.0,0,warning
32.26416218722711,1016.4433901184271,47.97996567832,691.894680217925,100.0,0,warning
36.23849097566018,1017.2349854384473,46.39854215047022,519.7586186430283,100.0,0,warning
27.30225881191638,1011.9048409282376,54.549158924585825,94.09923225744372,100.0,0,critical
24.301121345566088,1009.1371562562188,48.033224949809,647.6266610780945,14.840888006936051,1,critical
20.848823981842934,1012.5696515360455,84.47099301755006,460.7964544176363,100.0,0,critical
23.929343628092155,1012.5473335884792,47.655842644552116,156.40485284156364,100.0,0,warning
24.958196812071705,1013.586636916544,55.221319166307396,429.0114333397004,100.0,0,normal
26.11958089586208,1018.4039036277732,51.67137723639123,555.1016095074124,100.0,0,normal
24.874670952934874,1003.7468417915258,51.24274249293157,305.02424118764134,15.846098071381105,1,critical
28.795534033491954,1008.260536413655,38.32541563606734,40.532536064695336,100.0,0,critical
32.886583036045906,1012.7358599771262,33.623947800739735,632.6072875763491,100.0,0,warning
22.759154680176767,1012.4503114231491,67.55872867335636,443.7700481707981,100.0,0,warning
21.96425250663838,1011.2148539959669,52.12306530815829,191.03594109012016,100.0,0,warning
23.395014533576706,1019.4940566242352,37.15266045631762,340.64983139752724,45.49307062362364,1,warning
24.66704522610396,1010.6510165268693,39.319935106639825,535.784033371789,5.2979495744560525,1,critical
26.29096836228215,1023.8162736165273,42.53777412037599,526.2980393196726,100.0,0,normal
22.99556596214655,1009.2378238132349,33.265718475074586,439.8317423737236,21.80959608229259,1,critical
25.534100531738517,1017.4481539781171,45.6582719142034,627.8576450078422,100.0,0,normal
27.673840875129425,1018.9128286353043,44.14116167428787,619.9302839213493,19.11476597333659,1,critical
23.746065884424464,1022.0622427899847,50.662015483643806,432.50398689268786,100.0,0,normal
48.52849733636545,1009.0035714306687,35.863374087244964,503.4712236873861,100.0,0,critical
25.63904934156591,956.7279609578154,46.11909786271302,619.5341857893354,100.0,0,critical
26.739871304896052,1018.5758338704451,91.59775251888138,519.9330972725461,100.0,0,critical
37.70553884739739,1016.0996316619791,36.287359070817566,481.3014230805077,100.0,0,warning
25.62910434107354,1013.693229473559,44.898849501265765,25.253038963644446,100.0,0,critical
26.244414288086805,988.2361101876468,53.31289429936215,490.90828561574483,100.0,0,warning
25.9478681984227,968.4873311428544,57.149746821734354,579.0071014306989,100.0,0,critical
23.65502880798733,957.2713975105856,31.0622264589178,434.47498414199345,100.0,0,critical
23.481734676892604,1013.751968932381,47.734047806217276,725.1405007059063,100.0,0,normal
21.69283576875033,1014.323069220341,51.076769527085894,58.83656892176566,100.0,0,critical
23.581747230196175,1017.2723031339734,49.388238868278194,200.34671765733418,100.0,0,warning
21.61408637160923,1012.5083018660263,37.091271142792664,367.5692819341075,100.0,0,normal
24.901072580695136,1016.374097460833,36.018223827501615,545.889169542086,100.0,0,normal
25.754200787804372,993.8309728319698,54.00840200617735,493.83275316938165,100.0,0,warning
43.150994944763156,1015.1009577144749,38.14801410072641,511.72044520980023,100.0,0,critical
26.65083269797606,1017.0675481800032,55.44383045723463,502.5204609959311,100.0,0,normal
26.54339742129669,998.7572868968497,54.19012560297683,291.23434654662805,100.0,0,normal
26.864869741909335,1010.9244985551832,50.60560489696467,9.957971354002893,100.0,0,critical
37.74812184982392,1007.2666764273955,45.04394040194715,442.9153683522564,100.0,0,warning
27.40242784432789,1010.9596231348922,28.69500371857717,379.0296426899115,100.0,0,normal
24.124783486486066,1018.293719149574,46.61643692820517,127.07079730790045,100.0,0,warning
26.045123841750655,960.7710389910418,32.55223978945674,723.5295790828715,100.0,0,critical
26.70018797863362,1017.378579312005,47.84933501779874,141.4882344261227,100.0,0,warning
23.146139056843833,1012.702373219691,19.06986127944742,377.0734830398852,100.0,0,normal
26.44305805891438,967.9655427575103,51.04095395178047,800.5540016325883,100.0,0,critical
27.04514086401928,1025.1987620316963,56.074182548084146,567.6690944062832,100.0,0,normal
47.38691654542355,1018.2721582748663,40.790701171620086,264.2848973317264,100.0,0,critical
44.615061444810856,1013.7467810073289,43.35817293955352,359.2212129160672,100.0,0,critical
36.028318227604025,1015.8604638920247,44.32088145198117,350.80112859126814,100.0,0,warning
22.43939120265821,1017.3622866414007,50.20160942366929,488.0988963464741,100.0,0,normal
27.798710873172006,1017.6231684145638,45.47704295936139,422.36758667533115,100.0,0,normal
23.232285127597734,1013.7686255297276,45.465669747568,362.84356426032525,100.0,0,normal
22.413716912482705,950.8596709282289,48.60482730290031,275.6220392561403,100.0,0,critical
32.8980320555013,1017.8270398721769,46.56934036462983,427.77353465585196,100.0,0,warning
25.9828589054404,1015.8488017859933,46.56385385242633,488.1385758512833,8.10864603577176,1,critical
26.996020219719306,998.5187231090315,61.706997638245824,483.24924462137915,100.0,0,normal
20.617851854870672,1011.3245026060039,53.99869648092562,71.53223105291356,100.0,0,critical
23.85267598623953,1010.2657052937981,44.73797383827201,434.7890274639482,100.0,0,normal
31.829446511378805,1019.7486976477531,43.55391608163552,266.19832886872746,100.0,0,warning
22.87539257254779,1015.3679621531759,37.644606126129574,685.9921286021047,100.0,0,normal
26.17371418760054,1023.9522781290499,37.075709398954494,432.04427244766737,100.0,0,normal
21.659989051250218,1010.3416904984017,83.80376175494554,791.51391715415,100.0,0,critical
25.140104326226364,1018.809391513041,37.581174926475406,528.6042779281743,31.877145696467124,1,warning
23.928397073895404,1004.4632102120353,65.84878484220073,648.2973944008327,100.0,0,warning
24.91885634650965,1007.1066845526437,45.36891284960835,168.15160821578985,100.0,0,warning
28.257231091142582,1006.0994927089256,31.372940485158765,493.33427613240576,100.0,0,normal
26.094194762340077,1011.9890367378305,43.258550374182235,631.8532222384629,100.0,0,normal
26.69943351280922,1010.1235514504862,73.62169331396623,510.3641080488108,100.0,0,warning
27.6224204607848,1016.4720315947269,42.38530965550292,357.228614992148,38.45378226792379,1,warning
26.24823963410431,1016.1417275463214,44.90202581722468,392.3294754217002,100.0,0,normal
33.79064119440619,1015.7890515317594,45.08282095874704,342.57965211798086,100.0,0,warning
25.028488328027425,1005.1182414555028,47.828382905589415,93.43041141674902,100.0,0,critical
23.729545066941597,1016.5211114474221,87.85345369294784,319.6133678704566,100.0,0,critical
26.39277489491343,1017.7765260428525,45.707255090334776,677.3036097266314,38.80397995910981,1,warning
36.847854815894884,1011.8971376625958,47.44811518414317,626.5599574451824,100.0,0,warning
27.541399170184384,991.2369625103117,46.759337204847476,340.86859291437725,100.0,0,warning
27.931297537843108,1011.8711184975673,45.54022563750339,329.0302176543852,100.0,0,normal
23.454349570924855,1011.8159069663,41.11709161736717,509.8248967263587,100.0,0,normal
30.13981407095067,1006.208941657369,91.1340708837843,540.6438042607023,100.0,0,critical
35.44037817797843,1013.7887539051486,43.517303017473935,291.0716827924821,100.0,0,warning
26.015515340623,1013.2699420922289,72.59212794260367,422.4164574569075,100.0,0,warning
25.706965811897334,1013.6075250570086,37.188997829733026,392.9052992771716,34.939575981439994,1,warning
26.900847676372102,1010.115481721688,37.812682629213135,559.0303005807807,100.0,0,normal
26.187113444561724,998.2980568266786,50.24720621223809,122.48509227586932,100.0,0,warning
26.513577359973965,1016.062343970068,36.86653497138802,122.91536559106717,100.0,0,warning
22.84791444110271,952.3074628228585,43.55899095121743,563.8893579251637,100.0,0,critical
21.497260086864287,1005.3621475309534,39.673172734128606,202.98189117293745,100.0,0,warning
47.116684566856165,1017.953990441761,44.261269096065185,345.1053360619289,100.0,0,critical
22.169258515899173,1010.8967733861732,42.25828386778584,403.72672769340573,100.0,0,normal
23.349005606414977,1011.393070791735,48.303451634205,432.35305366352304,100.0,0,normal
26.47693315999082,1013.8568414059498,44.07481374089408,463.86755652928537,100.0,0,normal
32.77140902960549,1013.8332641428176,47.60141437223251,479.9931160295793,100.0,0,warning
24.095387361501846,1000.8806033668552,32.32877741211421,591.2497587373157,100.0,0,normal
47.55201013900624,1015.3910113095088,44.50312536063852,647.4607154087064,100.0,0,critical
35.847053059270586,1021.1955840272203,58.421606512611525,433.56941099504064,100.0,0,warning
23.359756559807582,1003.3211722639438,58.09460552089959,379.30247955654687,47.83786206513125,1,warning
21.969617875602896,1019.8343713372226,58.15974170801027,470.1156752532346,100.0,0,normal
20.001188570252854,1024.4547128629538,33.88342026589123,302.552150365173,100.0,0,normal
23.428021078984102,1006.3438352322111,70.95472275611425,560.9589592295052,100.0,0,warning
24.930576460589513,1007.1566098119023,54.142582516120164,590.2319639224129,100.0,0,normal
29.629317133347016,1003.6636740370412,50.49008152299611,306.4740954572418,100.0,0,normal
35.52267322503544,1008.5190526884167,40.78964375018421,680.6981945167588,100.0,0,warning
32.973433300333106,1012.8117002823728,57.36569838127374,410.1028082367679,100.0,0,warning
27.388320365048916,1020.8268633729233,90.73071525767983,342.381304197125,100.0,0,critical
22.861498812095682,1003.3174063274594,41.15838100682385,585.6903335543037,33.12763608806896,1,warning
22.987965237000594,1006.9290569360613,54.26488698800054,594.9995232755523,100.0,0,normal
27.27124029436589,1007.4685324379418,38.40388670777861,426.969233211236,9.61581143368423,1,critical
22.75141481158834,989.3588133970953,58.06121998157704,468.69052806594436,100.0,0,warning
24.875261321126693,1012.1116837198747,56.53604638122812,33.79815504698362,100.0,0,critical
20.300943386016268,1014.6724960088906,66.51889871922738,659.1610637584664,100.0,0,warning
40.633574598080486,1007.4600847897855,33.7847354582701,658.42210366381,100.0,0,critical
23.18448763970616,996.9436217581206,49.086336708220756,623.6696702748868,100.0,0,warning
49.35734538007327,1015.0559107979215,39.40545433737871,639.4949943910767,100.0,0,critical
24.65385635143226,1013.0778952379073,36.22979930483839,327.1938940886847,100.0,0,normal
22.252000905153388,933.4054512361761,45.20901978348631,291.80868414379256,100.0,0,critical
24.053659858727922,1012.8471491829125,75.69440011788208,391.78620959590154,100.0,0,warning
24.16761199453972,1007.0960896867483,72.65164568748237,469.2942370795362,100.0,0,warning
23.009192793950504,967.6057166348487,31.757048948753585,465.7395563634662,100.0,0,critical
49.76935024870834,1019.3594621096933,44.1134995177673,453.41083357741536,100.0,0,critical
23.281944922262582,1017.0677401998528,92.82208668198892,670.4212355232048,100.0,0,critical
25.252759159092825,1022.6946449952915,36.997349403155404,124.3146160931154,100.0,0,warning
19.150149641606646,1019.2390559895813,43.662430855421185,191.07106767237988,100.0,0,warning
26.027200213139434,987.0021995862392,35.640665314317694,155.3285344062021,100.0,0,warning
23.891889413174432,1020.9957834226431,54.608118089375125,533.9535421408982,25.104139124597104,1,critical
23.602099121072797,1019.2610645487991,50.23723330326406,218.91106478688442,100.0,0,warning
22.187365072656334,1012.5844721368566,68.10488867657641,591.2067156427523,100.0,0,warning
27.488107791724374,1008.8832039771079,73.55974435821402,352.82214922298124,100.0,0,warning
26.189508683330573,1017.2670777939015,51.07142871829412,533.7429708763251,100.0,0,normal
23.79872262016239,1011.5415312510336,40.186347102164824,722.2733821410725,100.0,0,normal
24.441783050200613,1018.1385220330285,38.68847384992744,443.5005228183408,35.32336025031075,1,warning
23.419051089109377,1015.35734178568,60.05619597180027,661.4504055385974,100.0,0,normal
37.15871540159357,1014.7081460968456,38.155909136173975,425.49857368608286,100.0,0,warning
24.77142408879623,1012.2135128739955,43.81177958110694,588.3667364221517,37.90868535985829,1,warning
24.099869057041513,1016.1142496617375,36.45903656493925,482.9144617974448,100.0,0,normal
24.92088969228669,1016.4075034868631,45.22654700904369,503.5707367394894,100.0,0,normal
23.947504286965156,1019.9416888910422,80.4569552946344,545.9586781689114,100.0,0,critical
26.515810792222023,1020.2955357865098,38.34880426186037,583.7103920416614,43.299890324755474,1,warning
27.91605055112865,959.5858484446201,45.61586513125723,514.8887270863393,100.0,0,critical
20.59192484949752,1007.8127329964312,43.982948466784016,394.73777592539597,33.9121854608903,1,warning
25.94392266649322,1013.6960770432245,78.26309695022611,546.0765863056234,100.0,0,warning
36.25824633465893,1009.4042334037879,43.310958089378445,381.53845674185794,100.0,0,warning
24.068609519762326,1004.0596725248098,52.455476338530474,98.73684723122,100.0,0,critical
25.534784628143807,986.2137892457688,39.65527637085561,619.0450819443828,100.0,0,warning
24.061051228130097,1015.7128002179298,41.2926584575003,444.1124295715692,100.0,0,normal
23.697163992771102,1010.5805708297283,42.43722153444544,550.89991356823,100.0,0,normal
25.066655851331603,1008.2191155842518,78.99387293854508,518.8464326481741,100.0,0,warning
24.042865515967772,1017.78863826831,53.29637830991943,205.10458929257408,100.0,0,warning
24.275118117193735,1007.4016505268693,34.64254819423275,639.2992144854223,100.0,0,normal
24.683984202842023,1010.8655946502629,36.90316499791866,301.41719937610765,100.0,0,normal
25.77634051533598,1013.193635101848,73.73274845138884,528.7196960476978,100.0,0,warning
21.97544881451785,1008.5031293642268,86.04546966924104,433.1174019613534,100.0,0,critical
28.72925011364616,995.7459566793715,44.26081249117321,353.94555171765137,100.0,0,warning
22.613880090179528,1012.7995574367172,72.1402719405315,396.45135934994016,100.0,0,warning
22.84947082354733,1014.6491997681167,67.52505433878696,283.32734325118804,100.0,0,warning
26.92775823358982,1024.0526150079568,40.54006571993733,197.2819235742025,100.0,0,warning
26.420664992477253,1017.2755431607734,36.611807094358454,223.02778095517948,100.0,0,warning
29.310665496381233,1008.1121893726365,33.44386130398182,671.6415918617513,31.009778888248157,1,warning
34.15325711160473,1014.0302475893976,43.51867816820101,308.86366407770174,100.0,0,warning
23.61136237912234,975.6938145160898,43.395217480552546,564.2054230044798,100.0,0,critical
28.212238983662587,995.4312347249208,37.0612572810012,546.3061259701191,100.0,0,warning
28.10832084142955,999.4138022039324,48.31892400289529,555.5946236141727,100.0,0,warning
27.616023831323556,1007.105916798876,55.77335779003893,26.59284506321188,100.0,0,critical
27.166546486932432,941.7497138767346,40.36639873822941,473.0032040854022,100.0,0,critical
23.724520031497367,1010.3450152249909,40.014875788601884,433.34274570076946,100.0,0,normal
39.70267744173993,1008.6954944575325,35.1132980691822,520.9250462810021,100.0,0,critical
26.363905942589927,1011.4486662170327,47.593330819907536,484.3828334758779,100.0,0,normal
25.957959651492782,1014.6683105264348,53.30031955406319,438.79803213743037,100.0,0,normal
22.548468673995316,1005.6781255989509,46.795614548479776,625.6517963134586,100.0,0,normal
26.749034148265046,1009.7511738657587,35.374393156886846,374.9546705308276,34.65011984415662,1,warning
41.53425303324478,1010.2884583193719,48.40428619885813,474.93097613496326,100.0,0,critical
35.87129382718162,1012.0408927089668,35.247083109446265,514.1265460857093,100.0,0,warning
24.659640666986895,992.220000648035,53.69756147516244,521.8206844646073,100.0,0,warning
24.867840402705365,1006.9449190011877,39.785311137582724,505.6878405579697,100.0,0,normal
27.004170433180818,1015.585984172695,46.8389776649915,132.98268674770316,100.0,0,warning
31.828905274231523,1010.0979157639099,53.951052962387195,720.070718263254,100.0,0,warning
20.518652427160504,986.9491205840192,46.15675602637187,558.9770076418329,100.0,0,warning
21.09779627192275,931.9634707120827,30.456166196902764,591.1654754581002,100.0,0,critical
25.046659017294353,1010.6620032975251,36.388021852722865,526.5543346076639,22.219063520284134,1,critical
26.64290885850681,1013.2280821466077,48.718417046655816,79.50580176061311,100.0,0,critical
28.26686306460219,1007.2682730349065,47.42108372191227,409.48689799767703,100.0,0,normal
25.159195724752074,1015.7702888555796,88.233092023139,503.60377749968984,100.0,0,critical
23.46137995101613,944.773396231338,42.364486903263014,438.3016980175108,100.0,0,critical
23.020743726859326,1017.703855939941,37.140100851693525,473.044022000357,100.0,0,normal
26.421919936406983,1015.2213165574302,42.11227067344736,639.1195764037097,100.0,0,normal
23.480986677187104,1009.3940772157428,31.26350441246361,503.87962793546893,5.227175873780408,1,critical
28.09599950784804,1009.192962283576,46.538343825135165,482.21325468898755,35.748191929311595,1,warning
23.838703394892097,1009.9430737630569,44.25644634709129,55.97446613336749,100.0,0,critical
21.55099042785043,1009.3033360532164,45.21062267154119,588.0143459769301,17.43134716477195,1,critical
26.038693028482346,1020.6636945650129,44.12991881234514,548.205406651873,100.0,0,normal
43.33130655721948,1014.1592104606742,54.16824115313652,406.7154218184912,100.0,0,critical
25.341730876255884,1012.0800833182366,45.14747146452314,541.7098046434005,100.0,0,normal
25.553163011182097,1013.0427804041218,91.58228041423757,662.6687522852418,100.0,0,critical
22.93968773307281,963.0851922740674,41.890041398353745,782.1922464049344,100.0,0,critical
25.398119391146942,1009.998915614206,45.55841667992015,453.76236837658877,100.0,0,normal
23.473481686914965,1003.9755894966775,31.9796604969347,505.7701935993658,100.0,0,normal
22.668656819422672,992.3175147781602,33.588968621748734,593.7634666835013,100.0,0,warning
25.30323765472126,994.7643600267711,46.50242038312871,308.753958157876,100.0,0,warning
26.671384224130282,1007.3514657267119,49.23843342332226,672.988234478948,100.0,0,normal
25.027858583825893,1012.87937456445,46.58467808614284,482.6767505691269,100.0,0,normal
25.120460419882054,1025.3162105624265,43.46111228175102,536.1856810800335,100.0,0,normal
23.687381217539468,1009.0365285890696,50.968807894954594,304.99568369037104,30.65619248257217,1,warning
26.264815478111043,1017.8627722481336,49.97447969773757,311.57303361314524,100.0,0,normal
26.38999580155375,1022.7327141875738,42.91601150449022,707.2200610662512,31.202846852015703,1,warning
46.39628794078575,1017.6085174255018,42.899677413743504,439.83614966192573,100.0,0,critical
44.30345308811826,1009.8166495249715,44.45377901888529,397.8355459624627,100.0,0,critical
27.109333157537527,1015.1804097756362,71.08392864553139,138.77039217737675,100.0,0,warning
25.579549713792826,1023.3770039932272,51.96899762745354,460.87717613985905,100.0,0,normal
22.837873344800204,1016.0796780347213,49.74481006374707,462.8544272823212,100.0,0,normal
23.911234550949636,1013.5546129485493,35.79205138062158,545.0837622014807,100.0,0,normal
27.281710991243312,1012.9075370580348,50.614794283936746,492.5656704682284,40.08007527192652,1,warning
24.034512955635936,1008.2333569587064,68.07321911226069,694.9614150163472,100.0,0,warning
23.821270486111576,1017.2480104851052,47.85612388772038,416.8508485687215,100.0,0,normal
27.85823403710206,941.8466662453325,47.60011309005233,446.45087909362985,100.0,0,critical
22.6111204839886,994.6913518519376,33.89643151546768,408.53102454445013,100.0,0,warning
24.437989371939864,956.2098135531654,42.163543770423914,815.7728486511821,100.0,0,critical
25.67699281498883,1010.923560430496,50.06225492885028,772.4831429365274,100.0,0,normal
22.957534365738574,1016.5417822364967,46.95040571016959,432.3105643115926,100.0,0,normal
30.053864851747242,1010.3456561353984,41.084484459854224,625.2993052482886,100.0,0,normal
22.327983266729085,1011.0541884145701,45.74463898031557,435.88243972685905,39.058221405352214,1,warning
25.45928283277974,1008.3902523646747,41.25954312143453,38.04818854930359,100.0,0,critical
25.519445003442964,1008.478416874478,50.108739670218995,300.6175925277248,100.0,0,normal
23.345302000719293,1007.1451406063919,41.932311633938774,79.06911019001679,100.0,0,critical
21.931402747231083,1017.5621762462958,48.996215880763266,774.6418482557207,38.52166767780743,1,warning
21.31825153733671,1006.6021151663215,40.00145137843457,503.1309260253,100.0,0,normal
26.926752258488644,1015.0639046346824,51.57648127995592,727.6151579184736,100.0,0,normal
27.171853392645595,1018.2760942566553,45.00356395350036,173.55455235443327,100.0,0,warning
24.461186331110884,1016.5877112789798,57.01885641676822,508.891373650373,100.0,0,normal
22.788590663028128,1011.9253948485564,42.53572572651407,593.5592638723208,33.08919494446648,1,warning
24.056136268421135,1018.4447529848368,45.514240152763705,370.6706266484833,100.0,0,normal
29.211669650696976,962.9041292374595,59.741210983066736,570.434274942005,100.0,0,critical
27.003904535583533,1014.0251334353094,35.45476283121013,192.54550226936573,100.0,0,warning
32.61291663482145,1013.1707620874402,36.30203248909758,369.7009845337777,100.0,0,warning
25.59224055412915,1014.3052763608995,45.04090765313969,471.84954399498235,100.0,0,normal
19.186023561356716,1011.1258897168909,36.69164943324822,304.24690214468654,18.248514673255823,1,critical
24.561687960573877,1019.1386043856959,67.91935755057308,395.190843909463,100.0,0,warning
25.653597819779563,1021.1450480167464,72.00173115846782,452.62429244910834,100.0,0,warning
22.244661264085817,1008.3108748004244,49.12028213766928,561.6543141094651,100.0,0,normal
25.96029227244474,1026.654336166118,70.95522561855788,478.34122532820396,100.0,0,warning
27.896701713858555,949.1441573642091,33.46352366513432,274.7331071833645,100.0,0,critical
25.096560560798814,1010.8519627802094,83.02762753045637,500.99351292001205,100.0,0,critical
24.94889185801711,1018.8636450962969,49.348801236755456,455.5262801496673,100.0,0,normal
25.23576901220671,1012.1432450359819,53.997566854375165,587.6392407107995,12.688244887261408,1,critical
25.498357343427795,1008.532533830562,85.69627284378976,434.4489154248751,100.0,0,critical
43.41607956997947,1007.0235311820038,56.6074203862337,716.8635972365462,100.0,0,critical
24.787876181923924,1019.1099856048675,36.429966802458196,170.09886479615705,100.0,0,warning
24.928347921780098,1020.82321827907,24.042039167282045,598.6283005250268,100.0,0,normal
28.59264785296937,1016.9849109135681,50.089243880315486,25.641302769894182,100.0,0,critical
24.853862063185854,1007.6649170679107,78.80445771829112,378.1743916225742,100.0,0,warning
25.15160911638745,1009.6141914424394,52.80095786734201,482.35311421974336,100.0,0,normal
22.59940718588845,1011.3274938207952,41.20043751071235,421.6004920911546,100.0,0,normal
24.481915708358592,1012.0182507545751,44.42718992468749,495.53333161881903,100.0,0,normal
24.404872993280016,1019.8785340665581,43.79955530373979,515.069174416585,100.0,0,normal
25.37969567242493,1015.8837903309653,59.894446269357054,370.7971796929844,45.71303236160464,1,warning
30.532279839623797,953.2000214098213,43.09383169754999,351.07494545556324,100.0,0,critical
25.687236579136922,1004.1847992231864,47.592671755158364,453.790126350042,100.0,0,normal
23.920480639381278,1009.1084763729884,46.566762040781455,382.59526668619617,100.0,0,normal
25.541949077692387,1014.5209645977671,59.46300927039352,542.0942210905771,36.287002263674964,1,warning
26.216731085789675,1015.6216301799896,86.76789787176085,610.9034559188242,100.0,0,critical
27.13334937917831,1018.8464779522284,56.05727192830022,577.8451865107571,100.0,0,normal
24.169996835329762,994.7166134942552,44.70549195057374,476.1828181909093,100.0,0,warning
23.17522509497522,1013.9423386453313,45.534519065419246,629.230739035142,22.49224772646771,1,critical
45.74075419090161,1013.8523188549829,37.298139477723105,475.2066464364744,100.0,0,critical
25.521778129364193,1014.485636760597,22.440552543972633,569.8937749585797,49.92524573049754,1,warning
37.70306710558672,1011.7207943154846,42.3830544272895,305.173371437224,100.0,0,warning
23.096163079955527,1013.3874025925943,47.06202032114201,29.63576135132884,100.0,0,critical
21.886741652952193,1016.0300497567282,34.75656518002974,710.5753018381238,100.0,0,normal
28.45822953613907,1013.3713962204142,86.0416374984935,504.5960705026909,100.0,0,critical
26.906250090752174,1015.5654271004864,50.800766294783976,216.26189715395748,100.0,0,warning
24.933540018711078,993.6579983010182,43.97169990848855,274.17811454028333,100.0,0,warning
24.46222261889034,1007.4673704562916,65.58687842599889,507.1062120817386,100.0,0,normal
24.505645234958806,1009.590078760011,36.98703992084067,466.2679648536854,100.0,0,normal
26.500893141774746,1006.4933846054718,81.82542960090008,285.32127046435943,100.0,0,critical
45.274504405440055,1010.0643033400416,38.76848287347007,462.18839203614687,100.0,0,critical
26.799199750866503,1014.536497604383,51.50289695071168,575.5554610308335,100.0,0,normal
23.028547907328914,1015.5202325775892,40.75793905302047,404.8552601285187,100.0,0,normal
25.374328040972323,1014.1496323394672,53.43302940815183,161.1514564848231,100.0,0,warning
28.23442514993725,1013.5217796876161,78.41141453799877,340.3623649113212,100.0,0,warning
28.102303951045045,1013.5783731714642,54.43437747251061,508.1022177692131,100.0,0,normal
24.785939280090883,1007.8237883879032,40.57080555722254,356.2546528893382,100.0,0,normal
24.727105073291657,995.002816315214,48.579194771734336,409.3395998480294,100.0,0,warning
25.195352197097662,1009.1349510807227,45.19608139407154,559.759794949454,100.0,0,normal
39.95820218407577,1003.054803464245,48.266435707342694,462.7330291185702,100.0,0,critical
24.96297372801522,1011.5567068053994,47.58174848270472,400.7322867737212,100.0,0,normal
34.585553445688724,1009.2329106482691,48.67977714351293,418.67415562974725,100.0,0,warning
24.187515102260946,1009.9158456143887,89.15564089672537,482.06822167866926,100.0,0,critical
43.939863655483634,1016.4808399857965,40.858459417046284,489.4290507165112,100.0,0,critical
45.21957533727792,1011.1918373819142,41.74094906094551,676.5672258018565,100.0,0,critical
26.951633438689417,1017.5922722197121,66.25331506266035,506.59209331998187,100.0,0,warning
31.820427339761633,1024.0960063598088,47.014694004988954,389.9738369937726,100.0,0,warning
26.744641273441356,1013.9167100286918,62.51842346574138,403.00420575738184,100.0,0,normal
22.042956019265144,1009.4007789580264,41.3148898323217,626.8546671462699,100.0,0,normal
26.439849013546215,1006.250069767425,89.47820238870328,539.211737319381,100.0,0,critical
24.845796581171793,1014.7057598740832,47.213526394640155,599.2619898843228,100.0,0,normal
24.50922376799426,1009.2313191782125,37.88388456299582,402.1027658041474,100.0,0,normal
25.836413225509073,1012.4909212898522,71.27870932435903,453.2698547008355,100.0,0,warning
19.698060383213978,1018.4575342596123,54.968681539981034,251.19317211102208,100.0,0,normal
25.806937836215834,1010.2532007253228,85.13886624216698,432.13864541388244,100.0,0,critical
26.580743792103423,1014.7002564728444,49.564903977756245,616.1821592639433,32.208637268222056,1,warning
24.09090456251311,936.1641889649474,44.268803539927085,490.2945802561446,100.0,0,critical
48.65524345348887,1012.8273910008435,27.410457502166683,658.3562794692463,100.0,0,critical
23.9101618263821,1014.9956805717603,44.69892238060121,632.3962258419826,100.0,0,normal
25.302220874569613,985.7798402796656,31.08747495116453,633.5486800857118,100.0,0,warning
24.70011856184178,1005.8342409273764,40.80270074346558,559.2385817171781,7.746577843519574,1,critical
26.066451123111282,992.1774417438394,36.44622667768193,543.718342475354,100.0,0,warning
20.836141184232556,1021.4822818414502,46.68813973762095,488.3944265755529,100.0,0,normal
27.36098175594592,1024.392009932646,50.25891970711657,82.00675020556494,100.0,0,critical
25.888396654581342,950.7070534107833,48.732362491601016,661.5470907443298,100.0,0,critical
27.800799589590564,1015.7711235197302,89.99782965039552,515.8727348596906,100.0,0,critical
25.760157416883548,1007.4069033278322,51.31119438426761,467.37055987118765,33.37708413355372,1,warning
26.227035945460834,1007.8860371740079,42.94098770061324,299.76991113468927,100.0,0,normal
34.10419085467333,1008.8424902852195,44.14724191268279,614.6184940280988,100.0,0,warning
24.96330195819179,1019.5589195010378,68.40447041548046,240.57854458968433,100.0,0,warning
24.533134402712207,1012.7960275510752,41.72706709075799,497.7794476124405,25.490238826644998,1,critical
24.04165152430942,1012.071705116681,36.149320207951774,356.4552051103195,100.0,0,normal
25.48392454313207,1003.433598776711,31.200657339895738,432.5254964910833,100.0,0,normal
25.082651264541237,1015.2150106522369,52.61239816459234,377.460505092764,11.787300063567784,1,critical
28.455086340201422,1015.1816183483702,45.3040278253456,514.4037592061914,100.0,0,normal
26.112435157995005,986.5412237867863,39.74471519602021,315.39560012382765,100.0,0,warning
22.479670469654838,1009.9181929598026,41.99842895740851,200.91377340357957,100.0,0,warning
26.525339100877105,1008.9260519501478,51.30321121382127,328.98041647252825,7.029105611592863,1,critical
27.389348288656045,997.5556168786441,41.78346604386663,562.9117613171802,100.0,0,warning
26.181309661384617,1018.5435179029146,51.56385744957891,560.8728837328757,100.0,0,normal
24.952895698251524,998.7182299577283,46.80246337632753,455.65676853999696,100.0,0,warning
31.438827351353062,1013.0768949068605,52.64077103553181,376.05569256955357,100.0,0,warning
24.455144597511417,992.6752207987226,49.61470534299675,212.99340107446477,100.0,0,warning
26.451533646326066,990.7969126173872,31.748537078630797,650.7723610814227,100.0,0,warning
27.834040825963253,1016.406697515928,46.234693496515284,128.89963351336516,100.0,0,warning
25.41772719000951,1003.2016493806011,34.374511608812554,523.6233483042948,100.0,0,normal
28.595373053699046,1016.2042143063351,40.430568081737626,568.7099337627391,100.0,0,normal
23.940479592465923,1015.5663371655668,45.776620394784324,616.2373988639467,100.0,0,normal
26.178113894811734,1014.6936025143482,31.409206401570835,674.8634911947496,38.25243681697248,1,warning
26.363782979252623,1022.2335366286802,49.67142548260771,456.88494910555283,100.0,0,normal
20.80664860286041,1017.3189591228484,37.86139687849243,548.2505909843528,19.271935420986907,1,critical
24.832036262387653,1012.7464539006726,51.92741294644082,620.1762350640967,10.862486941852342,1,critical
22.0113073849972,1017.5654601526489,47.045181630803434,43.864901843598446,100.0,0,critical
35.16362250274453,1003.6127855738195,48.68263898543851,338.05413821907564,100.0,0,warning
26.214262201567237,986.8207962723911,34.979287901076034,439.704501570726,100.0,0,warning
27.008753269526263,1009.4973158599523,94.484584629002,626.5294534663294,100.0,0,critical
26.89689269972307,986.1546920059745,45.70062575162871,547.5122810752127,100.0,0,warning
27.893955768707464,1013.9827738825579,53.25475631574908,321.73275523556333,100.0,0,normal
24.908827967289003,1014.2166972466134,43.07011153714936,542.2466475817156,100.0,0,normal
27.902287215590082,1017.796354130426,62.225459660092454,407.91829245343405,100.0,0,normal
25.005370681509557,999.4908243292527,48.72467213232826,661.1449055539294,34.02197454885335,1,warning
29.47948607985573,1015.3003530317372,70.00110983238666,558.7928699360087,100.0,0,warning
25.222553536106552,1013.762173834371,94.1888696604813,639.2838804316619,100.0,0,critical
27.378940977849282,1006.861960924315,49.77920055879886,584.1407290773078,100.0,0,normal
25.51205946862775,1017.9134549197275,58.32379555570061,621.7244078021756,100.0,0,normal
25.211724796096107,945.6095941893194,40.17862492353069,290.00137414116017,100.0,0,critical
34.813793602816304,1013.426768094439,50.07926243290976,438.9539334682587,100.0,0,warning
27.40934887998741,1009.8795064383714,32.02884675102265,69.49531193430477,100.0,0,critical
25.559937252639642,1007.3725547635081,64.56601583693461,515.5065418370273,100.0,0,normal
23.342009978155854,1010.1990947990151,50.978348840986094,573.2444318520157,100.0,0,normal
43.36468257956042,1008.3870366658624,25.774587259263846,715.954251206232,100.0,0,critical
25.076475989920056,1005.7570429268322,42.602586815945706,223.05855476446567,100.0,0,warning
23.75246207860839,1022.570156769334,43.474540793893226,526.0919447815668,100.0,0,normal
27.32632750430992,1013.0511653050979,37.14793079161639,555.4524169115925,100.0,0,normal
25.779200789589133,1006.857007421481,52.540548388289515,192.5305678695911,100.0,0,warning
23.048253494045333,1018.2682089830392,37.40480888934446,815.8858477804869,100.0,0,normal
25.763870904463108,1015.1502082359553,53.24226763225474,528.6546990831816,100.0,0,normal
39.62348475382419,1006.2720829994752,58.58474325066987,396.19142873946464,100.0,0,critical
24.91435323737685,999.5209871807614,51.787447057642275,230.37327992184737,100.0,0,warning
28.69327399209533,1007.6495761683692,32.795798632602086,416.97103161425065,100.0,0,normal
26.71531924640404,1012.2003073501828,44.84787033677849,379.69647624346294,100.0,0,normal
22.142285526911618,1014.1094175438604,32.67931219990636,84.89238694760728,100.0,0,critical
23.938997704778945,1010.1209087967766,42.799586422786845,223.7694602317298,100.0,0,normal
26.85235509506328,1022.5470832023507,33.81145940944687,567.5563084028685,100.0,0,normal
23.93709089728157,1005.1607028731727,47.77367982083936,801.3867861901308,12.204613148988237,1,critical
23.623699309644554,1024.2621790267215,52.85412389593275,461.0202339789653,100.0,0,normal
22.496921151619112,1020.2188230203662,44.34279057285945,634.0754997905753,100.0,0,normal
25.993428306022466,1012.308678494144,50.18150830480554,682.763582768963,100.0,0,normal
27.16011211827862,1017.7139425707004,89.71013201559637,628.6315838254156,100.0,0,critical
25.787594596432502,939.7583258609325,42.768932846793945,601.4189565421186,100.0,0,critical
49.58264348835487,1016.672990641515,50.41745349380037,521.9035136476926,100.0,0,critical
27.915910467131383,1010.4216798307889,77.11094045509927,536.018670199487,100.0,0,warning
22.24791547242129,997.9779002109672,40.22883825651612,628.9121135491839,100.0,0,warning
23.698714861756347,1010.5643730811765,40.26084860608905,396.32110763842206,100.0,0,normal
26.74013546137751,1015.4784094398631,46.20335124114861,543.795320295947,100.0,0,normal
28.941728541435598,960.6818951494691,38.29832454484024,370.47290514807753,100.0,0,critical
24.775343900618342,1011.8951520023339,49.9133336003474,590.9009252056766,100.0,0,normal
25.49876736742151,1020.8872663988174,44.23763574090438,533.4825830924407,100.0,0,normal
23.536736522182945,942.945213739657,45.39446665216178,592.2607611162676,100.0,0,critical
24.25267584347166,1010.463642947031,80.59087750539229,487.25342073895865,100.0,0,critical
23.569392581480063,1016.3979887446734,39.15706694626291,525.975030749837,100.0,0,normal
23.64139046126853,1008.8786441134149,81.73734623355192,554.0886548052256,100.0,0,critical
25.15727038063218,1003.0089965773394,52.33062139761985,541.5786171077591,100.0,0,normal
25.05224486307945,1000.6572854205784,74.41925079158953,224.72283919596975,100.0,0,warning
27.037146606372083,954.2908714456315,41.67078515310841,549.301904531922,100.0,0,critical
25.47122911621713,1016.8543259694349,33.171310033761266,637.2504851848315,100.0,0,normal
24.645159123583007,1006.2223525021186,92.5305879542637,527.1750837336136,100.0,0,critical
24.102566862669804,1018.4521717069955,34.16575956451615,379.6265580752026,49.507465542928415,1,warning
27.23249278103625,1020.5402379570958,87.92984905983913,800.1974042162135,100.0,0,critical
25.10704559579809,1014.2146867721285,53.44429578919535,95.25167896845986,100.0,0,critical
20.151519479454116,1017.4202269818053,50.89475117673947,466.24069314581436,30.43646793550979,1,warning
25.15364378212051,1006.5850388790572,52.97013455557712,440.7492100206425,100.0,0,normal
23.102166958350324,1021.7368159895777,52.45753251408308,89.55628481318388,100.0,0,critical
25.779921172059804,1019.0203400944245,50.450369395363765,467.1842904254211,45.45245454898765,1,warning
29.381650319745503,1006.1073532497837,42.127819489153715,235.65476429228363,100.0,0,warning
22.80943309580701,985.7850831367977,34.14195815338576,477.3102237005752,100.0,0,warning
23.43020337383552,1016.2414021692193,44.03241481113775,550.3438932688433,36.53863232676158,1,warning
24.5530744293483,1016.5700024704605,48.78590099658836,491.2605304811753,100.0,0,normal
25.617666025197927,1021.5110747231762,46.92602543590855,812.2019737016474,35.95096902637641,1,warning
23.32450403681248,999.2055398160809,34.84248010341514,371.1838786712657,100.0,0,warning
22.725717238927555,998.5963144587165,45.17105768883765,545.3273194785962,100.0,0,warning
24.587038029646305,1015.8024069940246,33.23355934661386,249.43204423485486,100.0,0,warning
24.65474540011836,1017.4182996874333,50.21858302730736,310.83294116189006,100.0,0,normal
25.35540200186651,1006.3232782064495,48.04158280804771,573.2702894340588,100.0,0,normal
23.24347349435307,1013.499434772046,82.79885145309751,679.6052488935178,100.0,0,critical
24.850088069981197,1015.4277464765107,56.11330438296477,597.3306007747509,14.174035175180013,1,critical
27.116848973699177,1004.2063025678844,35.5339318986738,255.29213866878794,100.0,0,normal
22.132948055423007,1002.474444059686,53.66988238443211,35.86613630264591,100.0,0,critical
20.949714826684787,1013.9322715738472,39.70570828185289,602.2920001755468,100.0,0,normal
26.685662489456863,1019.0324007770753,46.51651085147705,25.6743496309758,100.0,0,critical
25.988060372565478,1014.3033688291196,40.59755876923664,419.4051958474338,100.0,0,normal
26.104599875359046,1016.12815466823,66.32577420476778,569.8431880501672,100.0,0,warning
21.811144682411268,1010.0031248852312,45.041949597745464,505.63767125176906,100.0,0,normal
24.786697417127208,1019.9521373720319,36.81417787085361,404.66887358375834,36.23798160008561,1,warning
29.19944357833303,1011.76487149627,70.96754938253235,422.2949833237809,100.0,0,warning
24.937882134258196,1008.4515829150909,83.57219980498544,419.86645322373363,100.0,0,critical
24.939119336994466,936.9184100444095,36.44631474431072,309.96202098074025,100.0,0,critical
21.312412833038508,954.4524200224641,44.487377886810265,564.3549091420628,100.0,0,critical
22.778848309068344,1021.7613522171181,52.48542714517969,652.586611399299,100.0,0,normal
25.22845529732408,1013.7515088073094,42.09110230228915,493.1665251534719,100.0,0,normal
31.165470102324356,1015.0689954872574,43.51769872897833,484.42151603198886,100.0,0,warning
26.2833748743093,1019.1231354361316,40.33313622218122,504.631032827244,49.36977555188768,1,warning
26.519029774972214,1011.5412068387074,44.52139085176077,32.099704564089784,100.0,0,critical
24.460250129413257,1008.1061814210884,41.445653919391106,545.2760591653823,100.0,0,normal
22.925507691347086,1012.0483066095819,37.995053972921944,334.0640322842797,100.0,0,normal
25.552992286747767,969.5704875253488,40.01139127038388,378.96052227398536,100.0,0,critical
25.715574720696566,1015.8039226318411,53.66440994540221,626.4562462441884,100.0,0,normal
36.879747861975275,1001.9338632598658,54.57515961441933,509.9696617138461,100.0,0,warning
25.450663777495606,1021.3549585764431,48.389468797017244,1.0551122450189854,100.0,0,critical
21.25841615794829,1011.2424325797934,45.14734703351641,701.172477473034,100.0,0,normal
24.96147924053121,1011.6855458539586,45.17972714249637,565.6542938210252,43.55084534917906,1,warning
31.12604588920318,1011.7022666120804,50.910483847100025,573.8440980815665,100.0,0,warning
21.9143935635142,1012.1968444023726,41.126608390010105,93.99243728857088,100.0,0,critical
26.424542979011758,1013.601128167171,69.70591536791144,815.5055157560328,100.0,0,warning
25.17409413647634,1011.5049632476706,45.73408621228402,261.49173024789286,100.0,0,normal
26.573208217232153,1010.2888114098608,51.58555282154309,11.910653587671627,100.0,0,critical
23.82018140426849,1017.2214161404871,43.60044347198951,371.61256051033956,21.09891448619034,1,critical
24.075485439838296,1017.5380913840011,45.89889701540643,73.0243334357868,100.0,0,critical
26.45463969404143,1009.6288979684407,43.33895157614097,290.00265509374435,49.67680625710876,1,warning
29.781532329535448,1014.8854604687124,86.43724237937482,308.523588693238,100.0,0,critical
23.63995055684302,1014.1612684858051,47.34457978638945,414.27782983683585,100.0,0,normal
23.95455395896192,1018.2450461291844,39.36525047565792,330.98464443637283,100.0,0,normal
26.571600317301666,1015.1272878089248,37.264190854966294,494.2746372629624,100.0,0,normal
25.122455216940345,961.9244392399568,41.8198988887211,462.10611482717957,100.0,0,critical
25.465189816455634,1011.9012475207863,24.40894307948464,469.474786903334,27.57976947086073,1,critical
22.439088857995067,1013.9473991061054,53.05955178556159,96.53027236303998,100.0,0,critical
22.181786144488047,1010.9568204373167,48.8305499857046,16.781459564602862,100.0,0,critical
25.218789589209784,1016.6288331194935,48.84807385389371,526.8660829134958,100.0,0,normal
28.189010126449944,1008.7651932584083,37.068861204349545,241.5931863675542,100.0,0,normal
34.52192730786078,1013.0451909325616,53.5190139143219,243.16809454664252,100.0,0,warning
25.723272050095268,1009.7744012269744,47.89116484406731,684.5643879759164,100.0,0,normal
25.097043255889655,1008.8452494179448,47.16365460623871,493.97142686610357,100.0,0,normal
32.62785950855766,1014.7577397941294,52.60637040268919,93.3886300812328,100.0,0,warning
26.045670976070998,1010.1314999803071,44.805163261912135,757.0724430334236,100.0,0,normal
24.241191002028316,987.3238796671517,52.04946674433605,454.3710132883756,100.0,0,warning
43.09247924593428,1013.9939729416943,58.05257390123805,574.6334973142652,100.0,0,critical
23.848724347524453,1013.6100490732268,65.48067630615036,488.47281203304203,100.0,0,normal
28.929450265832777,1013.1763177598586,39.402195936059314,525.6775892881067,100.0,0,normal
32.28409537482404,1012.065652015748,43.088697264127774,671.6186763871854,100.0,0,warning
25.615603537784118,1004.4491580367169,34.214516623154296,589.1916912827257,100.0,0,normal
37.34123773351432,1018.8034124784856,41.296407476597125,370.22964455055154,100.0,0,warning
27.330064209678916,1006.7720304419272,29.23999635664901,585.0462408221517,8.364406677602695,1,critical
22.81288570822353,1008.8876454357536,84.98164674962187,684.2674853498498,100.0,0,critical
23.068670392953585,1021.1458318245047,40.34574373286357,359.13440427092326,21.730475748121666,1,critical
25.19613507907789,1019.4793589093151,85.17625618269851,589.4006375452738,100.0,0,critical
22.500225038283485,1015.8193158446218,50.358971638069285,524.1852802159306,29.937953279316876,1,critical
22.941256983635856,1006.2366485707823,75.9904857588542,633.522604998791,100.0,0,warning
44.81578051872458,1018.9774032541274,40.226967531106155,751.7527206958918,100.0,0,critical
26.251334695530012,1008.7142122179185,36.4328600155111,557.8966898291823,100.0,0,normal
40.92048836371905,1015.7172823047705,39.44027206960508,496.66069464448714,100.0,0,critical
25.111449824577388,1018.4709575923547,31.460282962281447,683.5460383352736,100.0,0,normal
39.90226053732618,1007.3568850149366,48.742613801887664,749.7523554520068,100.0,0,critical
22.55574438221611,1016.5649921508619,43.07739681473492,455.0215030940483,100.0,0,normal
26.625051644788396,1019.7812001428541,44.42391902735733,620.4239477470429,100.0,0,normal
27.582807096432017,996.0659311925585,51.353120480609434,122.0880424475308,100.0,0,warning
25.42818748826041,1006.7713061064401,46.385447406809455,546.2380855674604,100.0,0,normal
28.88437922538754,938.1776897265094,41.73857910740411,279.97885472097846,100.0,0,critical
23.59869469131089,1017.4132403850656,41.564278851990736,5.377231166198337,100.0,0,critical
23.435952269785123,1013.0138091794197,48.40895621123729,230.58843387863,100.0,0,warning
45.570216623888165,1007.984100845386,45.95960544126994,451.86029532665873,100.0,0,critical
27.245727907467614,1015.5877188790613,43.78869415911773,549.9753733707369,44.49962339848105,1,warning
28.227422538117295,1015.2676715075698,43.04674691767481,615.6904601946029,100.0,0,normal
24.776795338314198,987.4903273546429,47.66943247956318,502.4654454665258,100.0,0,warning
25.737346617745803,1011.0333059383632,45.22995858347854,653.4142235128759,100.0,0,normal
24.67742857666798,1015.0202542840727,60.08948720968424,520.9493375398207,100.0,0,normal
23.322813694072273,1010.4822168709131,43.38078409094925,509.2344788270654,20.499214121854102,1,critical
24.10417104062603,1006.6208395671503,44.75884584383319,190.59319591449622,100.0,0,warning
24.964071423085688,1011.9768935603682,86.75354430008926,482.27335459003086,100.0,0,critical
25.28177249382241,1004.1578031721857,47.58534171347825,153.70857865255059,100.0,0,warning
26.21579301943308,1013.9330456157818,41.42853108359577,523.2907991477969,100.0,0,normal
26.043883131233795,1014.484923366166,47.003942802767014,541.573785139637,100.0,0,normal
24.214956590142403,936.2210943425947,58.11033545067141,573.2070521067444,100.0,0,critical
32.16042178114293,1013.4307194152319,36.42288790411514,149.4379419806471,100.0,0,warning
24.542800169319964,992.9640651761814,24.501330729637516,477.0766684879797,100.0,0,warning
23.912814152552684,1009.1895235752718,42.5578715810792,10.64117629028446,100.0,0,critical
27.130343931428772,1020.2630837274309,37.66943264741264,94.20582194885955,100.0,0,critical
24.643561039229525,1006.1787612239104,30.844331237467244,19.80955167202896,100.0,0,critical
23.545725648350263,1011.7624068222425,44.40453256719963,574.4806517060814,100.0,0,normal
23.657849146186912,1012.3537737102374,86.76899921109671,210.54633139394997,100.0,0,critical
27.580427623988488,974.2403973515326,54.69334788808741,314.1851051878074,100.0,0,critical
22.875405689667254,987.724209516349,51.90877327397273,569.5571875187177,100.0,0,warning
24.863753149664095,1014.8198531542637,61.74558345767956,318.57398965241435,29.583519210355664,1,critical
27.43455017978113,1013.2270558655882,46.80044311367687,445.14080437382603,21.358661491321442,1,critical
28.537543566518842,1010.53928242402,34.167853132012766,197.59074399540873,100.0,0,warning
41.114837103149014,1007.6013183936208,28.82561088030442,487.846313755816,100.0,0,critical
24.538130939582643,1016.4810318240671,59.79164875956276,635.187803545731,100.0,0,normal
22.73959255065215,931.6221723023593,57.13115244202858,572.254198447098,100.0,0,critical
21.442559502191443,1020.4802215574459,50.23492525083246,493.32983949074537,100.0,0,normal
44.122507959385075,1016.786967344887,39.81894309129168,365.1765054903206,100.0,0,critical
26.329428172617778,968.9994163455273,43.553725088836075,463.21166634393796,100.0,0,critical
25.770865143482524,1019.4082960839195,92.59730528305232,247.1885490320605,100.0,0,critical
22.391060998990294,1016.3483627441502,47.93278596877479,387.21442564071737,100.0,0,normal
25.382198136039808,1013.2321827407808,34.12115087216065,589.5504279232665,100.0,0,normal
23.782232124379323,1008.4159107912974,56.06113548531354,50.63303093542678,100.0,0,critical
21.931771658528756,1019.3883841094926,47.658512095836734,410.1816156132136,100.0,0,normal
24.65072429638014,991.0584679625518,53.383536494017136,459.7525132671449,100.0,0,warning
27.66295761479559,1016.8090188904339,55.256791367668434,514.0243258809336,49.82526453467266,1,warning
25.87732441270217,1013.6723642103145,46.71653922698812,228.39295361944755,100.0,0,warning
26.153113926111534,1014.5562507727177,69.63104646764191,634.3489893721492,100.0,0,normal
26.908003526986406,1016.256956256529,42.47784604287723,591.0763064591921,100.0,0,normal
25.8268698064474,1022.3839790627903,38.80968640717141,350.64143560262994,100.0,0,normal
26.900615183947153,996.9186741805029,44.16440625170023,479.7413932171987,100.0,0,warning
24.738525866573525,1018.5247096111549,94.5005921002769,438.2061763247427,100.0,0,critical
24.159626365808286,1011.5910769556974,34.24439591172578,389.7617664218962,100.0,0,normal
26.894724798919928,1009.4783740489573,38.91861555907823,521.3500168411847,21.170930723159525,1,critical
23.055695203594677,960.2948407589741,44.21735350320045,367.0469994902005,100.0,0,critical
24.97300555052413,1007.7114453552205,51.58035929682551,353.49876200347734,100.0,0,normal
24.870622789934963,1013.3643704900776,45.585575928013554,47.54757152327337,100.0,0,critical
25.519765588496846,1016.9091143588865,35.104394312975344,341.54520642988683,100.0,0,normal
27.300592052602788,1014.399213304988,65.5050376732081,530.9313059432134,100.0,0,warning
29.15052174525053,1009.5540609095522,58.887710425322,523.7492940155178,100.0,0,normal
26.173356417060162,987.2947570124285,43.04159806554959,364.6994794711285,100.0,0,warning
24.266344668185845,1020.4888827062101,89.98047812628357,385.589731714679,100.0,0,critical
21.470159231710316,1011.5307648182645,53.31516042433711,559.599768107285,31.262805858547825,1,warning
24.496243384206547,957.1510715433382,60.54134499329203,441.9131576806642,100.0,0,critical
23.408620474009446,1012.0807655963906,29.298339359932505,47.646127123939955,100.0,0,critical
21.96492573596921,1008.0198243614867,40.984226341082454,31.48258293516488,100.0,0,critical
27.953080699451792,1019.9004567707373,39.99549838792377,547.4964240124891,100.0,0,normal
26.06963467269182,1019.1449025124454,39.90153802376964,555.006404426178,16.458089864689384,1,critical
26.100104198049102,1008.1582777256818,45.84300404916768,339.91694060981547,100.0,0,normal
26.158356038583428,1014.7413611320136,35.544457192579834,600.2593133504913,43.492157058324324,1,warning
26.513977233290703,1008.3891733791119,51.95684736084528,662.6765430565941,100.0,0,normal
28.083345623592734,951.1328016894479,43.86251600809422,668.8710770077934,100.0,0,critical
25.762488532956144,1012.3203635507211,93.21342740817128,681.1349232089228,100.0,0,critical
25.517043829439245,1013.1911671760812,56.98475650056898,439.62125215339836,47.429368427530676,1,warning
26.236976760912952,1011.9626123865806,50.02900186272973,347.6725752061275,34.441517413866414,1,warning
26.66067163308849,1008.7195808704556,45.57252989775514,442.681106388186,100.0,0,normal
25.36373251011699,1014.2411029315017,41.325112803678046,398.018675664225,100.0,0,normal
23.53393400895202,937.3218128301409,51.20124395227826,566.364810302283,100.0,0,critical
22.62153506984574,1018.2699288559144,49.57605022640378,415.43258772669395,16.853948646976992,1,critical
23.697871996170257,1009.830272950533,49.22029726944012,54.74148403797259,100.0,0,critical
25.799375903505283,992.5877903942775,40.77106654600195,570.3636822506112,100.0,0,warning
24.721107448638,1010.749053675743,71.49093704029556,572.1448098714937,100.0,0,warning
24.573114258139583,1020.4536306842498,79.7551838789512,459.5496834658353,100.0,0,warning
26.035318040938247,1009.3712809342327,46.49413411581663,409.3540481176013,100.0,0,normal
25.154736615295235,1008.6935789933586,57.18499261815726,564.669205242159,100.0,0,normal
40.842057189697876,1013.6544674397189,34.70590964277811,512.9600892736364,100.0,0,critical
23.564162218504798,969.7963193571751,54.43780166688568,523.292915714403,100.0,0,critical
25.653854747528325,1011.9044973559556,51.635244649467914,234.6637629190538,100.0,0,normal
46.62199802127245,1013.123817690479,42.28610426192303,302.89359756402547,100.0,0,critical
24.859668577082704,1004.6951953324201,48.436945753060684,524.9225224595733,100.0,0,normal
22.795415700327155,1016.4067975522147,48.268858461614144,463.0629834633339,11.241723818505754,1,critical
29.80683117047655,1012.711906014832,46.60879237371974,626.0785275209134,100.0,0,normal
25.208402207903752,1012.6870343605024,38.96828328906659,466.3189907759871,100.0,0,normal
31.78806273288356,1010.366222836725,50.275044689495616,453.62279392976313,100.0,0,warning
28.374283270145128,1017.4081987847472,44.93621886946706,677.5932966668031,100.0,0,normal
25.816505511428943,1004.4870819788108,53.23324509860515,556.7116978895651,100.0,0,normal
27.511512251147042,1008.5269634889024,43.50502684670913,447.232273007099,100.0,0,normal
25.515924323163315,1007.9021918414006,31.491501465682525,179.60063519400353,100.0,0,warning
24.992794921818863,1007.2081765540373,57.027186414137205,605.2834748690806,100.0,0,normal
31.801413466461337,1013.7339650599278,57.897765026043395,607.6207179038638,100.0,0,warning
23.144871294275084,974.5118310897885,34.6742598416927,551.5220282506966,100.0,0,critical
26.001834375248762,1008.1122237760072,45.7946584434338,590.1664548046147,100.0,0,normal
24.080646263021414,1005.3713204839815,82.16463801082405,590.8720320242486,100.0,0,critical
26.490808394690802,1008.5704200202036,39.754908962825176,234.04112943108606,100.0,0,warning
25.24783485268529,1009.041453247162,43.365637333585305,596.4703197056865,12.408145047495001,1,critical
30.109372651804232,1009.7890267373286,38.17357354538933,5.702691400361937,100.0,0,critical
25.83030796869742,1009.6896010583301,40.271066100922326,77.44194946063033,100.0,0,critical
23.964777401927655,1014.1189397581945,44.86861683141798,642.6071928137701,100.0,0,normal
23.888861304104143,1006.4932823658221,48.875572842231506,38.46110759787682,100.0,0,critical
21.970151449259895,973.124481094915,51.12359390745821,561.350393424749,100.0,0,critical
24.42766272662406,953.2668466969743,43.32783120278912,564.0182092189433,100.0,0,critical
23.56987355872515,1009.9504961856404,57.60311579244932,503.4548976486178,6.548662964474698,1,critical
22.823361025941892,1006.6031475207358,44.131256234300444,404.07818559487924,11.526213155871202,1,critical
21.98362429129214,1007.2151076242885,44.815801164427995,412.5586319665051,7.7253403910232175,1,critical
24.8523081456709,1016.982877537645,28.90433578000148,498.6331509825522,27.35662795641035,1,critical
22.87521294370624,1015.1415354860383,67.4335010867372,618.2875994815836,100.0,0,warning
23.351432884642495,1016.4163019475167,83.26381909897466,644.6114784140035,100.0,0,critical
24.154732878556885,1016.3829900830792,70.18012928367332,564.8029077940307,100.0,0,warning
24.064597597376217,1014.7325194086536,44.62463536896653,557.2448992667746,100.0,0,normal
26.980476907410367,972.9349060622287,41.98126338441752,586.0740297390531,100.0,0,critical
31.509294586308254,994.0863295470858,30.481015645006202,732.3667163082692,100.0,0,warning
24.621759218445934,992.4630977821915,43.97960703697973,681.3385916296817,100.0,0,warning
23.972266165326612,1007.7039323905552,44.498567221814625,614.6170784601486,100.0,0,normal
28.131048058468682,1012.6712486946351,40.55840378645441,725.7388483328708,100.0,0,normal
23.41212665179033,999.127315672828,42.42389458233731,471.08081673737644,25.910523074640988,1,critical
28.121899598198134,1023.1751635068296,83.7919766602366,432.54916096349666,100.0,0,critical
24.24659914019287,1011.9684259819034,49.841789608146044,633.8519956857361,19.445176256277115,1,critical
31.47367853330001,1013.3083992492399,48.43053200264458,583.1726728715773,100.0,0,warning
21.068142011706044,1012.5856966373204,45.13964372202125,32.28097934478503,100.0,0,critical
24.74220163176362,1014.7032706820607,54.6243828176474,81.19462346378835,100.0,0,critical
22.10397219916751,1002.0059702168996,48.52011560042666,439.75349307768664,100.0,0,normal
24.556622840001864,1007.2531419489206,38.94941260297141,93.95685890251657,100.0,0,critical
40.34208154934578,1016.8290474566311,35.68151248529117,573.0918327731257,100.0,0,critical
25.77715720906193,999.8823702223497,44.95143270768085,600.618892934197,100.0,0,warning
24.085871587911306,1013.2733970424088,45.79255260738728,317.9232541185808,22.752869158431984,1,critical
27.318030489794314,1013.605589991686,71.94277932523777,593.0534564915711,100.0,0,warning
21.963092682065817,934.4783012158156,49.31723676203171,457.81858377208636,100.0,0,critical
25.252898045646926,1009.5603130626808,59.89052477789116,198.45339665753914,100.0,0,warning
25.79844624521056,1016.2359796985137,41.13450830160501,688.878411594804,100.0,0,normal
25.528595643950865,944.7133368318557,38.63187147827298,432.840477225924,100.0,0,critical
21.38888547716597,1019.8690391371355,83.2686306237802,484.28609333786324,100.0,0,critical
24.871723306814015,1014.6438120515174,47.57085772360219,550.6304905082342,100.0,0,normal
25.144755172562068,1012.8909733095908,44.89117732443742,674.8830269925224,36.7955494312377,1,warning
36.74264255214281,1013.4483112555413,55.848625174453666,404.6527367109735,100.0,0,warning
24.665763839366292,1013.7335684321666,54.65207173206686,401.9677194815317,100.0,0,normal
24.680167954329118,1017.6825205836525,31.335044843134963,38.920861862343884,100.0,0,critical
22.401608963375327,1011.1297017520436,86.60808739809492,504.6985510175749,100.0,0,critical
24.616588172205727,1009.5419121509055,71.53261438208285,443.81806504291467,100.0,0,warning
27.249597289186383,1009.0030296191928,47.356197939630846,214.6331329749966,100.0,0,warning
23.339111186886868,999.2833267854639,48.34718576710947,668.1918311535716,100.0,0,warning
25.85912600040696,948.1279898279547,27.685521057217283,460.56806742901324,100.0,0,critical
23.060992988308023,1012.5964717389144,92.4227880398518,543.3439692501678,100.0,0,critical
25.44618245011979,953.4703420994629,30.104398921007622,513.4785398563774,100.0,0,critical
26.70684290298423,1011.1530663396816,45.775761414086794,84.75476330547363,100.0,0,critical
25.404041873980013,1014.0747008496946,84.77074358826378,575.9561180720971,100.0,0,critical
41.152839041096136,1021.7293566806758,56.19426673016041,454.16812739295625,100.0,0,critical
25.15247645536315,1012.1010027742424,35.208143466054636,68.13530132413487,100.0,0,critical
26.00942473130112,1010.5952126479194,53.77360505686644,670.8754726123768,15.044828377735612,1,critical
37.11919477509918,1018.3668896115825,43.20133197562202,695.0560810346776,100.0,0,warning
23.838463786499076,1011.7095964506798,43.7225185000936,551.6078824610382,19.27134840696904,1,critical
24.40816315796623,1018.4968869409123,36.74612336162791,137.2437950881239,100.0,0,warning
23.355559208867138,1014.2184360574596,46.95973256886978,439.1668189554644,100.0,0,normal
24.919684098711315,1005.8461244894097,46.02483531928631,418.2738011030143,100.0,0,normal
22.947261584668215,1019.1500028635958,91.34380687133651,695.4162265726786,100.0,0,critical
26.64634116792383,1013.366589835942,34.68031280207157,344.59054735236606,100.0,0,normal
28.531418532900805,1009.860583927791,73.30068524190061,489.0590919777724,100.0,0,warning
25.454919869208258,1019.5357137714121,32.14013412351018,522.1560630238765,100.0,0,normal
26.474582633094105,996.7978357358627,45.3398603113854,379.5330704937393,100.0,0,warning
26.44334412808647,1007.3547411439139,40.80383786976181,558.7249473473502,100.0,0,normal
26.07626592913693,1017.1525397883005,36.475722480824444,23.38969314722035,100.0,0,critical
42.34504099568412,1008.4192924170933,53.3733986182475,591.2256195596141,100.0,0,critical
29.970379833357782,1014.3238765548899,92.44344073524574,481.7942679707325,100.0,0,critical
27.31846830056841,1013.2353584340394,27.633107433330647,53.61553862527361,100.0,0,critical
26.471048508250195,1021.2924252098404,43.57649460006449,24.380193771017954,100.0,0,critical
23.32055631563845,1010.0030367727799,28.008834205521545,436.90939739830867,100.0,0,normal
25.631471797754713,1014.5281461522908,56.56955732396315,132.39830829549763,100.0,0,warning
26.285445519735088,1019.6457626506622,46.57216935761176,585.0804509106215,100.0,0,normal
24.33472536329808,1015.4577106043865,75.00271086958487,508.02988690848423,100.0,0,warning
40.465309165502916,1008.2724656002863,35.77319591523232,636.4777450837676,100.0,0,critical
23.501586084571482,1014.7086445737021,45.62678935170075,433.41539446750915,48.603419308768494,1,warning
25.709235136035886,1012.7752270661381,76.47201458688916,503.8881729643609,100.0,0,warning
24.239185485178307,1011.345109131932,47.23193435798779,80.82682112162783,100.0,0,critical
24.108994957198455,1020.2669223855885,57.6365771658457,437.2567967416078,100.0,0,normal
31.88385319095152,1019.1256617408394,45.30360349032357,516.2653510590355,100.0,0,warning
21.87821819449187,1005.8598458344961,40.42162357772747,136.75033256003314,100.0,0,warning
24.699071200353853,1016.3383039632346,59.81505513547098,466.2718834470361,28.054798201282107,1,critical
26.317088545345662,1023.0510226938318,43.5844221800476,404.20433065538555,100.0,0,normal
22.974337759331153,1014.5712366629764,37.735807395830314,330.523555839765,100.0,0,normal
45.618503804201254,1009.7018684947004,43.86393909576378,408.93774427548345,100.0,0,critical
24.82512934244564,1015.7415981377725,52.59675657091591,52.504934024538464,100.0,0,critical
26.484305608752916,1017.9940832238907,55.97693477257897,51.29221647747657,100.0,0,critical
26.67244587364306,945.9344801995262,42.482472850412925,476.2143321869408,100.0,0,critical
34.42563514279469,1007.6715014132228,38.863859784784,677.3218253525214,100.0,0,warning
22.978803560142172,1010.4239080309588,57.24156159090681,579.7912594762089,12.884093581652937,1,critical
26.68407679464941,1008.9535585637785,38.58238172611039,44.23665331024188,100.0,0,critical
22.359533585958715,1022.1572938292718,54.435520965770294,443.6989217474354,100.0,0,normal
26.631002044888525,1012.7595574633461,85.2490678035607,457.1992238984154,100.0,0,critical
23.71708246913719,1015.2750703069105,68.96006524939199,321.53193587045087,100.0,0,warning
27.443601105037626,1021.7479065263625,72.68545666318686,593.9444292297616,100.0,0,warning
27.213980825957005,1008.4636997661944,36.32951320010531,218.67896210358884,100.0,0,warning
23.30641256386319,1005.4257638765707,41.42788038346383,602.7678553188167,100.0,0,normal
25.199302730175283,1010.482621729419,32.59469255147094,508.2275569767233,100.0,0,normal
26.876567611951995,1010.4197763589132,45.76896621552787,444.5269653553949,100.0,0,normal
23.279173269432096,1011.0772222788509,53.050342473715524,430.77297565722216,100.0,0,normal
25.51510078144553,1012.6277704211692,29.64983027760767,496.81833494609396,100.0,0,normal
26.02713685470676,978.3871412416858,41.52415429960282,318.11475939185084,100.0,0,critical
27.147263499719543,1007.8674235029447,46.06375739317501,415.9855022072992,100.0,0,normal
25.120643829065944,1006.3836448844745,40.13978926122819,591.2923570351224,34.91614878612306,1,warning
23.051927553764244,1015.2974865303535,73.3697110817396,545.5841420850898,100.0,0,warning
23.722076504620997,1006.3845510329625,58.13612128109095,621.178050721116,100.0,0,normal
27.35235021047984,998.1054789019952,46.65379237795995,591.0726320146338,100.0,0,warning
48.521186214894236,1009.6150243077074,38.81872443783341,599.6230174235133,100.0,0,critical
26.714183993974046,1012.1554960984628,74.20666128223549,573.0366595848793,100.0,0,warning
24.58828113823932,1009.2671082672988,69.02843251180464,314.1658041363504,100.0,0,warning
31.665371318728848,1008.3436621014187,44.128191261637205,624.0755907798828,100.0,0,warning
27.335564123319614,1014.272104216506,47.70082129660162,450.5747640653039,100.0,0,normal
28.530908480562193,1015.0249085548048,34.91292836531964,610.1434336465732,100.0,0,normal
21.607641864608823,1011.3573254576863,41.46425442196633,459.67112166199564,47.14259119712565,1,warning
42.05909466572992,1011.2163071837049,63.666314573198264,734.6276037089334,100.0,0,critical
24.52210390626718,1008.462181689792,40.38582935545334,590.6469470990908,100.0,0,normal
23.28669873717841,1012.2894426941823,36.25210613051227,559.7823370707387,10.810101155360329,1,critical
23.07248214757878,1008.2142454255248,47.75030305239908,494.1617178115459,31.35005093367644,1,warning
27.533822298373245,1009.4616526719061,48.550555425169826,592.9560864115205,100.0,0,normal
23.321564953554724,1011.4539381207439,47.650107451228514,617.0654152546831,100.0,0,normal
28.186373253278795,1010.4439216178441,37.08316143793135,484.9055695880422,100.0,0,normal
23.050636659545358,1016.9354230187123,54.26876463205923,401.5181217977947,100.0,0,normal
25.49502383315241,1013.7520271908808,45.80416075606529,570.5277982975931,37.142423186010056,1,warning
24.87791314906001,992.4671876205143,45.666776567945945,605.7541737719322,100.0,0,warning
23.776964394016105,1005.966694515759,37.61413403111277,337.79784732603997,100.0,0,normal
42.58718637763831,1010.8811227219601,32.579888061710236,607.7309478458187,100.0,0,critical
23.774422619031228,1011.0614922003201,47.28692312579924,540.134814798443,100.0,0,normal
27.592126123562792,1007.4642159159878,89.14719142322176,481.84409357209734,100.0,0,critical
26.030095372612095,1032.2636574532737,49.56712408554534,636.2678768216718,100.0,0,normal
26.58611276131486,1019.1387612990965,65.53356300553322,511.30153300164903,100.0,0,warning
25.95054294794398,934.1862468922674,54.70227511304335,557.6718455526782,100.0,0,critical
20.247134287324272,1011.3065433003907,87.58545115672061,522.6933459924729,100.0,0,critical
46.18270214098733,1010.9076448474141,41.23470910617758,674.0231156761627,100.0,0,critical
25.359788302306956,1019.960011431723,52.346532848018505,311.53992756521876,100.0,0,normal
22.69333519358851,1004.5632782644465,30.648860017056876,337.34629962652525,21.492256823261858,1,critical
26.39644662722718,1014.9674269271087,52.161545760221856,576.2206162018364,100.0,0,normal
24.345965364780458,1011.9327161032478,90.16318707775663,435.76199449188096,100.0,0,critical
36.32726453175548,1008.9179800694948,46.53205551034185,508.20447551723134,100.0,0,warning
25.784831934357534,1010.4551818714625,44.79540550246404,287.71089141330583,35.68548185855033,1,warning
21.437683171068734,1001.8476599043777,46.813473987956776,82.12594203728455,100.0,0,critical
21.8868362026805,1010.8594241951704,57.00607832507448,602.0266090536192,100.0,0,normal
24.13100754513537,1011.4541393826568,46.7770701730697,442.55016540038275,100.0,0,normal
24.50851387182811,1011.6363821512616,23.424906856467427,493.48461601786255,100.0,0,normal
36.00248892436107,1021.5469303327885,42.89955013146059,543.6880434282098,100.0,0,warning
41.142508474559484,1016.7244820922355,43.63759227591499,504.74729099054747,100.0,0,critical
23.178592353870535,1013.4593237282425,73.97536226446638,464.44790677893417,100.0,0,warning
23.05780363683137,1001.785223124701,57.65359174497194,429.97238332208883,8.383885874332101,1,critical
23.513731470464034,1009.0149859820891,72.1071474259692,487.092904176931,100.0,0,warning
25.298838947018393,1011.5580389984985,44.04046981098822,11.914067199604816,100.0,0,critical
29.121495849763974,1021.776704212216,43.00828681216741,616.5885141145227,100.0,0,normal
26.337299720321184,990.2044398960184,57.62430005642479,367.8631654426913,100.0,0,warning
25.55341808780997,1016.6607028174255,36.12283596383394,226.50316363328994,100.0,0,warning
24.531693250553328,1011.829315215254,57.63370252405913,592.092167498349,100.0,0,normal
26.298729368675055,1017.0560176393134,43.707552130992894,28.27654570600986,100.0,0,critical
22.84425637724562,1009.5564116678854,34.96560909651399,323.4909491374882,31.37427355447922,1,warning
25.193991929985437,1015.9757851271846,38.45423453413222,751.0864730822552,100.0,0,normal
23.965423099799256,1020.0467372009279,63.391184988954,456.45937274724093,100.0,0,normal
23.433493415327526,1011.3896924189717,51.50813773895736,352.2962820279254,100.0,0,normal
25.074622349324322,1010.5016233752601,50.178139891523905,27.94453073189026,100.0,0,critical
27.163884119481697,995.4189314087993,51.528582747150786,491.0946825740731,100.0,0,warning
27.44424660474611,1013.5558608014477,66.57888777795519,744.2813982846508,100.0,0,warning
25.850604808455724,1024.0936983860042,32.48069304624585,473.9367979926842,36.06388118922092,1,warning
25.199811087804818,1013.7298080485657,41.285437244020265,458.469869939311,37.97672059407459,1,warning
26.380287983422225,1010.9938976405708,46.79273985448334,501.5110880938154,100.0,0,normal
24.097180684798722,1010.8197325617506,47.260348208854346,219.3684460888257,100.0,0,warning
33.45142093763511,1022.098196760306,54.652415489894196,830.0128639496907,100.0,0,warning
36.925600370831944,1017.5650011013715,47.43300936535847,531.9078175776618,100.0,0,warning
25.45152304622351,930.3491130940174,37.197071781774,656.4209518321711,100.0,0,critical
24.820528611425548,1020.2005860772474,39.58886158352584,716.1128519492979,100.0,0,normal
23.646155999388082,1016.0583814442043,53.24799617996761,611.7536142939439,100.0,0,normal
25.850357684549405,987.3895603092847,46.24341864594349,795.8880746503914,100.0,0,warning
28.47770270370666,968.8524642825878,59.660456347833616,597.698211454192,100.0,0,critical
23.793155402480554,1014.3853137521876,40.80802741235715,246.5494606969025,100.0,0,warning
26.45525908727396,1013.2597294290365,50.86112061772464,490.3140103869701,100.0,0,normal
23.574308434645673,1013.5321511384595,42.96018226063316,680.4791586299226,100.0,0,normal
24.734868645310208,1011.1371557881178,33.46784138428937,437.1320205987288,20.721822424704385,1,critical
27.407073163813386,1014.7161689920003,44.074446351131705,78.4271299306717,100.0,0,critical
25.806600780490562,942.7668186881622,32.5091813137816,665.5806439688068,100.0,0,critical
28.846891589649907,957.908559194522,31.486535696261907,443.4483511156976,100.0,0,critical
24.141511159402675,1015.9427663488536,71.55493828498432,555.4607199298331,100.0,0,warning
28.582530128341414,1013.7367563657162,90.71689525828673,346.42424166566354,100.0,0,critical
26.4107304204569,1009.2443697153677,35.626641135461675,169.48965855091257,100.0,0,warning
24.170768500446055,956.867024842159,41.301179809653426,549.3737993106308,100.0,0,critical
26.68128709797745,1009.736880103488,41.43053253428176,273.25511228653625,100.0,0,normal
24.023240357474,1009.5526108760821,76.61454024416892,738.7770925092229,100.0,0,warning
28.523377861584386,1011.585767269111,55.315174907440195,616.160776992876,30.167273637537143,1,warning
26.272731455505863,1011.3633990186257,35.78264496383985,9.20987541995898,100.0,0,critical
25.98663580176178,1013.9241806184743,38.13313775855029,584.037185529079,100.0,0,normal
23.13170457378431,1016.069792041354,55.03450826350911,65.4725348498443,100.0,0,critical
26.357862580118557,959.2271556629729,40.844829025390986,459.09105471847045,100.0,0,critical
37.29618648782271,1016.9448167761719,41.22512324453229,452.2964214853448,100.0,0,warning
24.654396525207073,944.6676710720504,48.53045721359397,412.02125634680044,100.0,0,critical
27.116414093887816,1017.6878006110238,50.06889232460665,510.55625852633966,39.92517505764723,1,warning
25.091143679807626,1009.7419982619709,62.1515527146026,576.0702826781613,100.0,0,normal
26.182043113119754,1022.9562630082177,47.8463437994213,191.10522267828046,100.0,0,warning
25.72135835138599,1013.1706599075579,51.29232021587136,150.3593069546033,49.784355079155006,1,warning
21.516592893839647,1011.1436264369287,31.82508913365723,572.5510813643006,11.975207258694915,1,critical
39.44317840307996,1006.1854429332501,50.59216246867116,470.7787452917726,100.0,0,critical
27.09910543063867,1010.3238239421971,55.539152525074606,523.711952563088,100.0,0,normal
23.383012794213624,1010.4912147820773,52.32321694161659,539.4501331591621,100.0,0,normal
27.6280189492878,1006.927282551368,40.7287271894656,331.14271685421,33.04832026660835,1,warning
25.52512265800385,1013.9679495568378,51.807183697343774,483.5153853920724,37.54636107926386,1,warning
24.328430601419743,1021.345107626447,42.92326918909116,319.62284562582727,100.0,0,normal
27.216365633475032,1007.8004703643724,49.90219124050056,373.59013241916125,100.0,0,normal
27.298546652571353,1009.4841178743706,44.72009207602431,712.4960762762612,100.0,0,normal
29.12504983848629,1007.6623354287286,79.50689922888756,669.4664666498516,100.0,0,warning
28.06632823337086,1018.0190077416624,86.43146436672025,750.7211179822158,100.0,0,critical
24.412922315684867,1013.5656711883998,67.47805909006775,489.53412819012203,100.0,0,warning
24.985599908419328,1016.0751509688616,21.787810538451367,202.60767393573792,100.0,0,warning
25.459908895684425,1008.458489345171,43.09173242525866,406.5183388359569,41.00183880916312,1,warning
27.439421499780387,1016.9804635299928,83.89404925562718,443.8323197011106,100.0,0,critical
23.836638172102713,1007.9262163465356,39.80577963947194,353.1271679885292,31.38847685492187,1,warning
43.0052405251155,1018.2256727419214,51.58647561683347,374.01449109286943,100.0,0,critical
21.66118943775726,1015.7168009618997,39.69900992843323,568.4718402311792,100.0,0,normal
27.420487001013754,1011.6549172679258,40.27346321011356,578.6048736538147,10.651976775264067,1,critical
24.29169442012296,1018.2025398867455,43.00020065089541,499.7588413967647,17.30230025875245,1,critical
21.573730941818244,1019.7693618708271,44.08368123797906,648.5379574368154,100.0,0,normal
23.383160350953226,1011.4236757787922,41.58594306494117,434.979801479763,35.01933322680596,1,warning
23.563111557495127,1011.9327642414407,47.487260524784034,677.0427460339463,100.0,0,normal
20.853158222127234,997.9982197262364,46.479206535431814,373.6441905919632,100.0,0,warning
23.907511103495036,1014.9590200270127,65.1818116196584,522.0031903734987,100.0,0,warning
23.335288853791543,1015.357077781932,40.58221564575223,575.9518181306613,100.0,0,normal
26.345772432634902,1012.1779177976931,79.61887717002995,429.50026220339083,100.0,0,warning
23.487298509431394,1005.8887314520116,39.82741692605979,370.21423956627257,100.0,0,normal
25.262838688082702,1010.9626141429256,87.0249527890072,364.7483057783649,100.0,0,critical
24.560656224324976,1014.7855628575587,56.82315235793213,437.8075738071623,100.0,0,normal
40.78115307295435,1012.1718429484118,45.6286162377532,244.55190867022256,100.0,0,critical
29.266066749312532,1003.2395610023875,43.785719239715334,570.5980647781491,100.0,0,normal
26.290751899170296,1019.8431577876618,37.280612315359164,582.3261751998127,100.0,0,normal
24.302695731184283,1011.2537114784078,42.42691959026094,749.209758027301,100.0,0,normal
40.14131977889442,1011.3649315700326,44.38888290986533,482.29765224583326,100.0,0,critical
34.42228482254716,1014.1962343205557,61.59266135799979,389.6738490096292,100.0,0,warning
25.2405912634238,1015.5721941702938,50.69291902471112,365.0429489794557,100.0,0,normal
